@LewisBarr22,2609872655,1.01E+18,I m fully wanting there to be like 6 films but when Rocky Sylvester Stallone dies I ll be more heartbroken t,6/22/2018,23:11:10
@SciFiPlayer,8.20E+17,1.01E+18,Ray Bradbury s Tales of the Bizarre Series 2 And So Died Riabouchinska A man lies murdered in a basement,6/17/2018,18:05:06
@cuim_consulting,158868367,1.01E+18,Sylvester Graham co founded American Vegeterian Society in 1850 He claimed that his lifestyle could enable people to liv,6/18/2018,21:29:30
@ddhewitt68,266661698,1.01E+18,Sylvester Graham co founded American Vegeterian Society in 1850 He claimed that his lifestyle could enable people to liv,6/18/2018,21:27:20
@NickMe,23045651,1.01E+18,Sylvester Graham co founded American Vegeterian Society in 1850 He claimed that his lifestyle could enable people to liv,6/18/2018,21:09:22
@_glojean5,2405989452,1.01E+18,Sylvester Graham co founded American Vegeterian Society in 1850 He claimed that his lifestyle could enable people to liv,6/18/2018,21:07:57
@Pinchgut_Creek,37382167,1.01E+18,Sylvester Graham co founded American Vegeterian Society in 1850 He claimed that his lifestyle could enable people to liv,6/18/2018,20:53:58
@LeighAnnWenke,53903884,1.01E+18,Sylvester Graham co founded American Vegeterian Society in 1850 He claimed that his lifestyle could enable people to liv,6/18/2018,20:30:31
@TracyLeeDbn,209551769,1.01E+18,Sylvester Graham co founded American Vegeterian Society in 1850 He claimed that his lifestyle could enable people to liv,6/18/2018,20:16:03
@ProfTimNoakes,549304456,1.01E+18,Sylvester Graham co founded American Vegeterian Society in 1850 He claimed that his lifestyle could enable people to liv,6/18/2018,20:11:11
@MengerMatt,9.09E+17,1.01E+18,Sylvester Graham co founded American Vegeterian Society in 1850 He claimed that his lifestyle could enable people to liv,6/18/2018,19:49:12
@sholbk,54409992,1.01E+18,Sylvester Graham co founded American Vegeterian Society in 1850 He claimed that his lifestyle could enable people to liv,6/18/2018,19:48:22
@DeJesus43,78939534,1.01E+18,Sylvester Graham co founded American Vegeterian Society in 1850 He claimed that his lifestyle could enable people to liv,6/18/2018,19:17:58
@NewTradNutri,9.25E+17,1.01E+18,Sylvester Graham co founded American Vegeterian Society in 1850 He claimed that his lifestyle could enable people to liv,6/18/2018,19:06:56
@ANorrby,36132119,1.01E+18,Sylvester Graham co founded American Vegeterian Society in 1850 He claimed that his lifestyle could enable people to liv,6/18/2018,19:03:15
@AccaManCan,3068128979,1.01E+18,Sylvester Graham co founded American Vegeterian Society in 1850 He claimed that his lifestyle could enable people to liv,6/18/2018,19:02:46
@LauraSouza2016,7.46E+17,1.01E+18,Sylvester Graham co founded American Vegeterian Society in 1850 He claimed that his lifestyle could enable people to liv,6/18/2018,19:02:34
@GrapeBelt,378204184,1.01E+18,Sylvester Graham co founded American Vegeterian Society in 1850 He claimed that his lifestyle could enable people to liv,6/18/2018,18:09:33
@nih101,3075499501,1.01E+18,Sylvester Graham co founded American Vegeterian Society in 1850 He claimed that his lifestyle could enable people to liv,6/18/2018,18:07:30
@OC_Galt_2072,2884244905,1.01E+18,Sylvester Graham co founded American Vegeterian Society in 1850 He claimed that his lifestyle could enable people to liv,6/18/2018,18:05:00
@ant9179,203734032,1.01E+18,Sylvester Graham co founded American Vegeterian Society in 1850 He claimed that his lifestyle could enable people to liv,6/18/2018,18:02:49
@MBubel,381323467,1.01E+18,Sylvester Graham co founded American Vegeterian Society in 1850 He claimed that his lifestyle could enable people to liv,6/18/2018,17:54:12
@PaulKursi,4646746409,1.01E+18,Sylvester Graham co founded American Vegeterian Society in 1850 He claimed that his lifestyle could enable people to liv,6/18/2018,17:39:19
@TuckerGoodrich,270485576,1.01E+18,Sylvester Graham co founded American Vegeterian Society in 1850 He claimed that his lifestyle could enable people to liv,6/18/2018,17:36:01
@ianrobo1,150777984,1.01E+18,Sylvester Graham co founded American Vegeterian Society in 1850 He claimed that his lifestyle could enable people to liv,6/18/2018,17:35:47
@WokeCarnivore,8.92E+17,1.01E+18,Sylvester Graham co founded American Vegeterian Society in 1850 He claimed that his lifestyle could enable people to liv,6/18/2018,17:34:55
@joshuapchase,15281435,1.01E+18,Sylvester Graham co founded American Vegeterian Society in 1850 He claimed that his lifestyle could enable people to liv,6/18/2018,17:34:39
@SBakerMD,3765572533,1.01E+18,Sylvester Graham co founded American Vegeterian Society in 1850 He claimed that his lifestyle could enable people to liv,6/18/2018,17:34:26
@sinasamavati,248073699,1.01E+18,Sylvester Graham co founded American Vegeterian Society in 1850 He claimed that his lifestyle could enable people,6/18/2018,17:25:05
@PerfectFitAR,2744421063,1.01E+18,Sylvester Graham co founded American Vegeterian Society in 1850 He claimed that his lifestyle could enable people to liv,6/19/2018,23:08:38
@jonw101961,2874248758,1.01E+18,9 9 Insp Bernard Sylvester Metropolitan Police died 19th June 1944 aged 39 Killed by a flying bomb explosion during an,6/19/2018,19:25:23
@robbiedunc,362650261,1.01E+18,Sylvester Graham co founded American Vegeterian Society in 1850 He claimed that his lifestyle could enable people to liv,6/19/2018,13:38:49
@ChadVHoltkamp,33811198,1.01E+18,Sylvester Graham co founded American Vegeterian Society in 1850 He claimed that his lifestyle could enable people to liv,6/19/2018,13:19:28
@LouiseStephen9,7.80E+17,1.01E+18,Sylvester Graham co founded American Vegeterian Society in 1850 He claimed that his lifestyle could enable people to liv,6/19/2018,13:12:37
@Shanemize,21127879,1.01E+18,Sylvester Graham co founded American Vegeterian Society in 1850 He claimed that his lifestyle could enable people to liv,6/19/2018,12:57:34
@keepinsix1,7.17E+17,1.01E+18,Sylvester Graham co founded American Vegeterian Society in 1850 He claimed that his lifestyle could enable people to liv,6/19/2018,12:40:30
@AU_3104,181177584,1.01E+18,Sylvester Graham co founded American Vegeterian Society in 1850 He claimed that his lifestyle could enable people to liv,6/19/2018,12:31:27
@freerangedia,8.09E+17,1.01E+18,Sylvester Graham co founded American Vegeterian Society in 1850 He claimed that his lifestyle could enable people to liv,6/19/2018,10:44:20
@budgieburd,204988265,1.01E+18,9 9 Insp Bernard Sylvester Metropolitan Police died 19th June 1944 aged 39 Killed by a flying bomb explosion during an,6/19/2018,9:21:58
@VetGoed,617084371,1.01E+18,Sylvester Graham co founded American Vegeterian Society in 1850 He claimed that his lifestyle could enable people to liv,6/19/2018,9:21:26
@cater_paul,851474124,1.01E+18,9 9 Insp Bernard Sylvester Metropolitan Police died 19th June 1944 aged 39 Killed by a flying bomb explosion during an,6/19/2018,7:53:52
@Wiggett_IE,1398136981,1.01E+18,9 9 Insp Bernard Sylvester Metropolitan Police died 19th June 1944 aged 39 Killed by a flying bomb explosion during an,6/19/2018,7:19:29
@oldblackfener,438644521,1.01E+18,9 9 Insp Bernard Sylvester Metropolitan Police died 19th June 1944 aged 39 Killed by a flying bomb explosion durin,6/19/2018,7:16:04
@Seth__Sylvester,83479877,1.01E+18,For those who are so woke that their compassion is asleep remember this if Malcolm X was killed at the age of 20 he would,6/19/2018,5:19:56
@LukeET76,1114830020,1.01E+18,Sylvester Graham co founded American Vegeterian Society in 1850 He claimed that his lifestyle could enable people to liv,6/19/2018,4:51:10
@Greganovich,134125033,1.01E+18,Sylvester Graham co founded American Vegeterian Society in 1850 He claimed that his lifestyle could enable people to liv,6/19/2018,3:54:20
@2_Shivam,347904754,1.01E+18,Sylvester Graham co founded American Vegeterian Society in 1850 He claimed that his lifestyle could enable people to liv,6/19/2018,1:52:44
@SilverDragonAcu,42887263,1.01E+18,Sylvester Graham co founded American Vegeterian Society in 1850 He claimed that his lifestyle could enable people to liv,6/19/2018,1:40:18
@AGG7,140795123,1.01E+18,Sylvester Graham co founded American Vegeterian Society in 1850 He claimed that his lifestyle could enable people to liv,6/19/2018,1:25:12
@RealFood4Health,42117467,1.01E+18,Sylvester Graham co founded American Vegeterian Society in 1850 He claimed that his lifestyle could enable people to liv,6/19/2018,1:22:51
@ActivatedNutJob,8.58E+17,1.01E+18,Sylvester Graham co founded American Vegeterian Society in 1850 He claimed that his lifestyle could enable people to liv,6/19/2018,0:47:25
@ricenbeanies,22918287,1.01E+18,Sylvester Graham co founded American Vegeterian Society in 1850 He claimed that his lifestyle could enable people to liv,6/19/2018,0:33:41
@tracy__e,82657215,1.01E+18,Sylvester Graham co founded American Vegeterian Society in 1850 He claimed that his lifestyle could enable people to liv,6/19/2018,0:26:11
@usambcuba,25764159,1.01E+18,Sylvester Graham co founded American Vegeterian Society in 1850 He claimed that his lifestyle could enable people to liv,6/19/2018,0:08:39
@jbctwo_jack,3068881717,1.01E+18,Died Beheaded in 30AD at Machaerus Buried at Sebaste Samaria Relics in Saint Sylvester s church Rome Italy and at Amiens France,6/24/2018,20:10:22
@Terry_Sylvester,449899649,1.01E+18,Yes Jackie like the Escorts amp many others that couldn t get that elusive hit record to break out of Liverpool goo,6/24/2018,18:26:17
@LewisBarr22,2609872655,1.01E+18,I m fully wanting there to be like 6 films but when Rocky Sylvester Stallone dies I ll be more heartbroken t,6/22/2018,23:11:10
@meike1969,76058451,1.01E+18,6 Rocky s 2 Creed s Sylvester Stallone has taken the phrase beating a dead horse to levels nobody could have i,6/20/2018,15:07:25
@ItsMattyYo,1110320342,1.01E+18,Just had to argue with this chick for like 15 minutes because she was so convinced that Sylvester Stallone was dead,6/20/2018,6:11:24
@Lil_Lindsay_,1594101133,1.01E+18,Lmaooooo my grandma just tried to tell me Sylvester Stallone was dead,6/24/2018,0:13:49
@LindaHelms19,8.75E+17,1.01E+18,he has spiraled down,6/25/2018,4:10:28
@sehersukut1,520312117,1.01E+18,Sylvester Stallone born under Cancer 6th July,6/16/2018,18:30:26
@Cancer_Quotess,315832030,1.01E+18,Sylvester Stallone born under Cancer 6th July,6/16/2018,17:27:43
@ambrosen,2836151,1.01E+18,First Blood is a live action movie more commonly known as Rimbaud so no one drew it It was di,6/24/2018,9:58:47
@jenniferword,138925333,1.01E+18,Matthew McConaughey Nicole Kidman Willie Robertson Ted Nugent Charlie Sheen eek Tim Allen James Ca,6/20/2018,18:36:57
@Sylvester__SS,37560309,1.01E+18,Rip Didn t agree with his life choices but his music spoke to me and many other people Sad news for a sad day,6/18/2018,22:37:48
@EleynaGroen1,460647806,1.01E+18,Also RIP Sylvester 2016 2018,6/18/2018,18:57:46
@LeahSkeels,446705287,1.01E+18,Also RIP Sylvester 2016 2018,6/18/2018,18:56:36
@Kingsglaive90,2525597799,1.01E+18,The light goes out RIP Msgr Sylvester Adekoya May the eternal lights shine on you and may the angels lead y,6/18/2018,8:12:47
@Sylvester_559,1342798508,1.01E+18,The heart and soul you put into this performance into your music You will be missed RIP Xxx,6/19/2018,17:08:57
@RoselynSmitley,2182728104,1.01E+18,Sorry for your loss Terry RIP James Sylvester,6/19/2018,13:03:18
@GameTripperUK,8.18E+17,1.01E+18,,6/19/2018,10:27:44
@Sylvester_0,292000814,1.01E+18,RIP XXXTentacion So Sad Life is so unpredictable you could be here today Gone tomorrow Just have to make the most,6/19/2018,1:30:17
@jenniferword,138925333,1.01E+18,Matthew McConaughey Nicole Kidman Willie Robertson Ted Nugent Charlie Sheen eek Tim Allen James Ca,6/20/2018,18:36:57
@k1_sylvester,2280528821,1.01E+18,This got me fucked up RIP X Enormous talent and limitless potential and a strong desire to be a better person God bless his,6/20/2018,5:47:12
@a__sylvester,1564943035,1.01E+18,Everybody had they phones out Wasn t nobody tryna help or check on that boy Smh fucking robots with a damn phone Y all wack ass,6/20/2018,5:26:39
@RoanntaFari,184892971,1.01E+18,OK The hunt is on If you ever rip that music to a digital format hail I,6/21/2018,17:38:37
@Luke_Sylvester,296241628,1.01E+18,Truly shocked and upset from the news this morning You was like a big sis to me in the villa thoughts go out to her,6/21/2018,15:57:45
@StrawberryFizz4,9.40E+17,1.01E+18,Rip Sylvester,6/22/2018,22:06:23
@reeeeeow,168434534,1.01E+18,Rip Sylvester,6/24/2018,16:01:11
@sylvester_deli,8.68E+17,1.01E+18,no soft plastics or styrofoam retailers that give out plastic bags are required to accept them back quit tryin,6/24/2018,13:16:03
@k1_sylvester,2280528821,1.01E+18,Michael Jackson s Death actually hurt me Like i knew him personally RIP,6/25/2018,21:12:28
@daiiisyiii,1933031706,1.01E+18,I m upset that my car was considered a total loss good news is I get to go car shopping and get myself a new one But RIP Sylvester,6/25/2018,20:47:37
@WestworldDVR,7.81E+17,1.01E+18,The rip is the entrance to The Valley It s a visual representation of a wirele,6/25/2018,16:04:35
@CourtneyKonal,2713796591,1.01E+18,Also RIP Sylvester 2016 2018,6/25/2018,3:19:26
@BKHProductions,28577426,1.01E+18,Dick Delson Hollywood publicist and awards consultant worked for Disney Universal and Miramax and repped the likes,6/19/2018,22:46:00
@MalibuMom62,2727882856,1.01E+18,Dick Delson Hollywood publicist and awards consultant worked for Disney Universal and Miramax and repped the likes,6/19/2018,19:41:49
@SouzaEluam,8.98E+17,1.01E+18,Dick Delson Hollywood publicist and awards consultant worked for Disney Universal and Miramax and repped the likes,6/19/2018,19:28:32
@divyapkumar,23314854,1.01E+18,Dick Delson Hollywood publicist and awards consultant worked for Disney Universal and Miramax and repped the likes,6/19/2018,19:23:28
@TVMCCA,25377589,1.01E+18,Dick Delson Hollywood publicist and awards consultant worked for Disney Universal and Miramax and repped the likes,6/19/2018,19:19:00
@BoyceJohnson,24396654,1.01E+18,Dick Delson Hollywood publicist and awards consultant worked for Disney Universal and Miramax and repped the likes,6/19/2018,19:18:59
@JeffHun34911855,4345970113,1.01E+18,Dick Delson Hollywood publicist and awards consultant worked for Disney Universal and Miramax and repped the likes,6/19/2018,19:18:57
@THR,17446621,1.01E+18,Dick Delson Hollywood publicist and awards consultant worked for Disney Universal and Miramax and repped the likes,6/19/2018,19:15:37
@MikeBarnes4,344236872,1.01E+18,Dick Delson Hollywood publicist and awards consultant worked for Disney Universal and Miramax and repped the,6/19/2018,19:12:10
@Never_stallone,499396576,1.01E+18,This got me fucked up RIP X Enormous talent and limitless potential and a strong desire to be a better person God bless his,6/19/2018,13:07:22
@jenniferword,138925333,1.01E+18,Matthew McConaughey Nicole Kidman Willie Robertson Ted Nugent Charlie Sheen eek Tim Allen James Ca,6/20/2018,18:36:57
@MunarSebastia,133627135,1.01E+18,Dick Delson Hollywood publicist and awards consultant worked for Disney Universal and Miramax and repped the likes,6/20/2018,10:55:44
@itsDiDi,71087131,1.01E+18,If Kwesi Mfume died at 20 he would ve died a convict and not gone to be a congressman People s mistakes often,6/20/2018,6:09:15
@LewisBarr22,2609872655,1.01E+18,I m fully wanting there to be like 6 films but when Rocky Sylvester Stallone dies I ll be more heartbroken t,6/22/2018,23:11:10
@KamiOriharaa,9.38E+17,1.01E+18,young sylvester stallone,6/25/2018,23:37:04
@JanetSittler,1247518488,1.01E+18,Paul Mace Perry King Sylvester Stallone and Henry Winkler goofing around on the set of The Lords of Flatbush,6/25/2018,23:32:25
@lipstickgrayson,715242074,1.01E+18,ethan looks like sylvester stallone s amp peter dinklage s love child,6/25/2018,23:31:31
@SharNeal,19921268,1.01E+18,Sylvester Stallone Manchurian Candidate is a person who hates everything America stands for,6/25/2018,23:29:45
@AlexFGoldberg,86243183,1.01E+18,,6/25/2018,23:27:48
@SharonUSA2,7.08E+17,1.01E+18,Sylvester Stallone Manchurian Candidate is a person who hates everything America stands for,6/25/2018,23:27:45
@C0DE_W4RR10R,2288898117,1.01E+18,Sylvester Stallone Manchurian Candidate is a person who hates everything America stands for,6/25/2018,23:18:59
@LuhanXiaotong,9.49E+17,1.01E+18,I respect a woman too much to marry her Sylvester Stallone,6/25/2018,23:16:02
@ValkyrieSigrid,7.91E+17,1.01E+18,Sylvester Stallone Manchurian Candidate is a person who hates everything America stands for,6/25/2018,23:15:52
@jamesco15904638,2258021599,1.01E+18,Sylvester Stallone Manchurian Candidate is a person who hates everything America stands for,6/25/2018,23:14:10
@Denise75384378,8.33E+17,1.01E+18,Sylvester Stallone Manchurian Candidate is a person who hates everything America stands for,6/25/2018,22:44:40
@DouglasPuett,8.86E+17,1.01E+18,Sylvester Stallone Manchurian Candidate is a person who hates everything America stands for,6/25/2018,22:40:46
@goliatnewborn,1219553784,1.01E+18,I added a video to a playlist Kambakkht Ishq 2009 Sylvester Stallone cameo,6/25/2018,22:38:42
@al_bouchard13,7.59E+17,1.01E+18,Sylvester Stallone Manchurian Candidate is a person who hates everything America stands for,6/25/2018,22:36:41
@supportwenguiG,9.04E+17,1.01E+18,Sylvester Stallone Manchurian Candidate is a person who hates everything America stands for,6/25/2018,22:33:51
@DomScalise111,8.26E+17,1.01E+18,Sylvester Stallone Manchurian Candidate is a person who hates everything America stands for,6/25/2018,22:33:37
@Bmoose47,7.37E+17,1.01E+18,Hmmmm didn t Sylvester Stallone experience teledildonics in Demolition Man,6/25/2018,22:33:02
@CrazyBulkStore,3197441239,1.01E+18,Sylvester Stallone Takes Steroids Or Natural,6/25/2018,22:30:23
@PacmanJonez,53252828,1.01E+18,thank god Sylvester Stallone was there,6/25/2018,22:25:59
@EgocentriCharly,376427036,1.01E+18,Here s the first trailer for Creed II starring Michael B Jordan and Sylvester Stallone,6/25/2018,22:23:49
@cckav,153387753,1.01E+18,when weirdos send you DM s pretending to be Sylvester Stallone,6/25/2018,22:18:41
@RSnaebjornsson,1090280617,1.01E+18,Sylvester Stallone Rocky IV Rocky Balboa Rambo Joel amp Ethan Cohen The Hudsucker Proxy Fargo The Big Lebowski,6/25/2018,22:11:49
@FaverLucinda,9.79E+17,1.01E+18,Sylvester Stallone Manchurian Candidate is a person who hates everything America stands for,6/25/2018,22:11:16
@FBeauchard,318897110,1.01E+18,Sylvester Stallone Manchurian Candidate is a person who hates everything America stands for,6/25/2018,22:02:39
@jeffeisenbrandt,454470420,1.01E+18,Seeing myself as a success tricked my mind into believing I really was a success That s the sort of thinking that tri,6/25/2018,21:58:52
@BlueblOOd71,248959584,1.01E+18,NOTHING IS OVER NOTHING,6/25/2018,21:49:37
@LAmobslugger,50157605,1.01E+18,Sylvester Stallone 1977 with Frank Stallone,6/25/2018,21:48:57
@FernandoRochaB,96037870,1.01E+18,I liked a video CREED 2 Trailer NEW 2018 Sylvester Stallone Rocky Movie HD,6/25/2018,21:43:23
@Torres3____,614056227,1.01E+18,No one gets out alone Sylvester Stallone and Dave Bautista plan the ultimate prison break in On Demand,6/25/2018,21:36:40
@sdalas73,3740360061,1.01E+18,Sylvester Stallone Just Revealed the Badass Story Behind His Rambo Outfit via,6/25/2018,21:32:25
@Princeofpast57,4150984635,1.01E+18,Sylvester Stallone Manchurian Candidate is a person who hates everything America stands for,6/25/2018,21:23:50
@bsonder,21352055,1.01E+18,And today I heard she has four sons and this is her first daughter I remember when she was Sylvester Stallone,6/25/2018,21:21:21
@Nomiseeyou,3208595469,1.01E+18,Sylvester Stallone premiere signing autographs via,6/25/2018,21:15:17
@ArcticMisha,3130249954,1.01E+18,i dreamed that my grandma tattooed sylvester stallone on her hand,6/25/2018,21:15:07
@monica14212,368443710,1.01E+18,Yeah ok Thats why we have a reality show con man occupying the Whit,6/25/2018,21:09:02
@SlieAyand,1598144485,1.01E+18,US model amp actress remember her She used to be married to Sylvester Stallone well she has just give,6/25/2018,20:53:47
@Sergiopunch2014,2825649128,1.01E+18,Starring Rocket and and Hmm Oh well Let me see some Sylvester Stallone cameos,6/25/2018,20:49:51
@AlexGastonArt,2327892529,1.01E+18,Follow and Comment below for your chance to win a FREE COPY of ESCAPE PLAN 2 Starring Sylvester Stallone and Dave,6/25/2018,20:47:08
@ErnieJackson18,9.08E+17,1.01E+18,When shooting his famous jog through the streets of Philadelphia Sylvester Stallone pulled a tendon in his leg,6/25/2018,20:43:25
@MichaelSagnerMD,337346349,1.01E+18,Ok beat this Ethan I ve been invited to write a paper By Sylvester Stallone An offer i can t really refuse even tho,6/25/2018,20:42:19
@Baheshta_S,576603923,1.01E+18,A 25 yr old Afghani on bodybuilding Along w Schwarzenegger other stars from Hollywd and Bollywd such as Sylvester St,6/25/2018,20:42:05
@Stingray_travel,173276279,1.01E+18,Paul Mace Perry King Sylvester Stallone and Henry Winkler goofing around on the set of The Lords of Flatbush,6/25/2018,20:40:06
@ProfDFrancis,9.27E+17,1.01E+18,Ok beat this Ethan I ve been invited to write a paper By Sylvester Stallone An offer i can t really refuse ev,6/25/2018,20:38:34
@ShahzadShahy,8.89E+17,1.01E+18,Sylvester Stallone Speaks in Oval Office as President Trump Pardons Boxe via,6/25/2018,20:28:31
@mary52lr,206793781,1.01E+18,Sylvester Stallone Manchurian Candidate is a person who hates everything America stands for,6/25/2018,20:24:37
@LaurieMcGowan19,2553340772,1.01E+18,Paul Mace Perry King Sylvester Stallone and Henry Winkler goofing around on the set of The Lords of Flatbush,6/25/2018,20:08:56
@cathurya,950565234,1.01E+18,Bruce Willis llamando a Sylvester Stallone Van Damme,6/25/2018,20:07:08
@Tlhalefoleshom1,9.37E+17,1.01E+18,US model amp actress remember her She used to be married to Sylvester Stallone well she has just give,6/25/2018,20:06:56
@LikkleGalBigGun,332673100,1.01E+18,Sylvester Stallone turned down parts in two Tarantino movies He was not with the shits,6/25/2018,20:06:06
@TheSteveKon,8.28E+17,1.01E+18,Sylvester Stallone Manchurian Candidate is a person who hates everything America stands for,6/25/2018,20:05:14
@richardupuy,35345432,1.01E+18,Paul Mace Perry King Sylvester Stallone and Henry Winkler goofing around on the set of The Lords of Flatbush,6/25/2018,19:43:06
@michael_mccrory,520784418,1.01E+18,Prison break 101 get these guys on your side Sylvester Stallone and Dave Bautista star in On Demand D,6/25/2018,19:39:53
@thishandleisok,4549467812,1.01E+18,After an ill judged foray into comedy Sylvester Stallone s career was To Be Continued in action m,6/25/2018,19:39:14
@Kimmy06253458,9.52E+17,1.01E+18,US model amp actress remember her She used to be married to Sylvester Stallone well she has just give,6/25/2018,19:31:39
@UKIPBLACKPOOL_,7.25E+17,1.01E+18,he s an 80s wrestler He was also in the Sylvester Stallone arm wrestling classic Over The Top,6/25/2018,19:30:18
@Paul_PC_Clark,261642797,1.01E+18,Paul Mace Perry King Sylvester Stallone and Henry Winkler goofing around on the set of The Lords of Flatbush,6/25/2018,19:28:10
@MadeleineToups,9.81E+17,1.01E+18,Prison break 101 get these guys on your side Sylvester Stallone and Dave Bautista star in On Demand D,6/25/2018,19:25:44
@Enter10mntCastl,1.01E+18,1.01E+18,Creed II Official Trailer Starring Sylvester Stallone Michael Jordan,6/25/2018,19:21:48
@BillPruitt_Art,313739468,1.01E+18,Sylvester Stallone Rocky Balboa Rocky 3 Apollo art print 13x19 signed and dated Bill Pruitt,6/25/2018,19:18:06
@rockyuthet,2279436384,1.01E+18,Prison break 101 get these guys on your side Sylvester Stallone and Dave Bautista star in On Demand,6/25/2018,19:15:15
@Mikethebike_641,2254182192,1.01E+18,Paul Mace Perry King Sylvester Stallone and Henry Winkler goofing around on the set of The Lords of Flatbush,6/25/2018,19:05:24
@FormulaOneGeek,582685996,1.01E+18,Top 10 Best Cars in Sylvester Stallone s Collection,6/25/2018,19:01:34
@ViewsFromDennis,8.12E+17,1.01E+18,Sylvester Stallone is my favorite actor of all time but Michael B Jordan has a great chance to surpass him for me,6/25/2018,18:55:53
@tinaneda2,9.54E+17,1.01E+18,A 25 yr old Afghani on bodybuilding Along w Schwarzenegger other stars from Hollywd and Bollywd such as Sylvester St,6/25/2018,18:43:00
@tropebot,1.01E+18,1.01E+18,Sylvester Stallone makes an ominous phone call on Air Force One,6/25/2018,18:33:16
@90sactionbot,9.64E+17,1.01E+18,Sylvester Stallone is a socially anxious football coach and former assassin on his way to Alaska to go on vacation,6/25/2018,18:32:04
@roblord61,7.71E+17,1.01E+18,Sylvester Stallone Manchurian Candidate is a person who hates everything America stands for,6/25/2018,18:31:45
@alex1_velazquez,8.88E+17,1.01E+18,I hope someday Sylvester Stallone can convince Steven Seagal to join his Expendables franchise All together will be a great movie,6/25/2018,18:28:38
@CassandraV05_12,9.78E+17,1.01E+18,Sylvester Stallone en guignols,6/25/2018,18:26:00
@sabelondlovu3,547377904,1.01E+18,US model amp actress remember her She used to be married to Sylvester Stallone well she has just give,6/25/2018,18:23:40
@tjonesss1994,216401325,1.01E+18,By Eric s logic Sylvester Stallone made Hogan as much as Gagne,6/25/2018,18:21:23
@mascachapashell,3401091969,1.01E+18,Paul Mace Perry King Sylvester Stallone and Henry Winkler goofing around on the set of The Lords of Flatbush,6/25/2018,18:15:14
@ScrubScene,1709541644,1.01E+18,So cool Unearthed footage of Sylvester Stallone Carl Weathers Choreography for Rocky in 1976,6/25/2018,18:09:23
@NdlelantleP,9.77E+17,1.01E+18,US model amp actress remember her She used to be married to Sylvester Stallone well she has just give,6/25/2018,18:06:09
@mmtblh1,36095989,1.01E+18,US model amp actress remember her She used to be married to Sylvester Stallone well she has just give,6/25/2018,18:04:21
@ItzEnaya_,2888397284,1.01E+18,A 25 yr old Afghani on bodybuilding Along w Schwarzenegger other stars from Hollywd and Bollywd such as Sylvester St,6/25/2018,18:03:19
@macgproductions,3165987960,1.01E+18,In 2015 Michael B Jordan Black Panther Fantastic Four floored audiences with his performance as Adonis Do,6/25/2018,18:00:56
@Fudgelicouse,340972141,1.01E+18,US model amp actress remember her She used to be married to Sylvester Stallone well she has just give,6/25/2018,18:00:31
@Lionsgateathome,24480416,1.01E+18,Prison break 101 get these guys on your side Sylvester Stallone and Dave Bautista star in On Demand,6/25/2018,18:00:08
@LOSDAREBEL,8.65E+17,1.01E+18,Sylvester Stallone really in another action movie White people really think you wanna pay 20 to sit down senior c,6/25/2018,17:58:58
@wholelottacurls,41950968,1.01E+18,One of these days Sylvester Stallone might just be as successful as his brother Frank,6/25/2018,17:57:37
@IsabelleKnigh17,7.92E+17,1.01E+18,Sylvester Stallone Manchurian Candidate is a person who hates everything America stands for,6/25/2018,17:55:49
@JohnRathburnj55,1546099471,1.01E+18,Seeing myself as a success tricked my mind into believing I really was a success That s the sort of thinking that tri,6/25/2018,17:55:14
@johnUWLatLARGE,341932508,1.01E+18,Paul Mace Perry King Sylvester Stallone and Henry Winkler goofing around on the set of The Lords of Flatbush,6/25/2018,17:53:32
@hannahfaulkneer,4352246423,1.01E+18,every group dm has a guy that pees sitting down a girl who keeps quoting the master of disguise the mothman sylves,6/25/2018,17:53:15
@EscapePlanMovie,1380562850,1.01E+18,Prison break 101 get these guys on your side Sylvester Stallone and Dave Bautista star in On Demand,6/25/2018,17:52:52
@AhirimSensin06,3223960409,1.01E+18,A 25 yr old Afghani on bodybuilding Along w Schwarzenegger other stars from Hollywd and Bollywd such as Sylvester St,6/25/2018,17:51:58
@Daily_Star,20442930,1.01E+18,Brigitte Nielsen gives birth to fifth child at 54,6/25/2018,17:42:00
@ICONOREOLUWA,292885310,1.01E+18,Hot New Trailer CREED 2 21st November 2018 Michael B Jordan Sylvester Stallone Dolph Lundgren,6/25/2018,17:39:40
@Stever0020,323348405,1.01E+18,Sylvester Stallone Manchurian Candidate is a person who hates everything America stands for,6/25/2018,17:39:14
@m__ayala,79836702,1.01E+18,Sylvester Stallone Jim Carrey 2018 Chris Pratt Fallen Kingdom OUT TONIGHT http,6/25/2018,17:28:22
@ExxTarun,3987294193,1.01E+18,Sylvester Stallone did not laugh at Chris Rock s Black Rocky joke Oscars,6/25/2018,17:26:57
@TheDaveMcKee,2167088662,1.01E+18,So cool Unearthed footage of Sylvester Stallone Carl Weathers Choreography for Rocky in 1976,6/25/2018,17:26:24
@WWF_acts,9.32E+17,1.01E+18,Stallone s Judge Dredd was an all round flop This was because the screenwriters mistook the source m,6/25/2018,17:18:36
@davidblueyellow,8.29E+17,1.01E+18,Paul Mace Perry King Sylvester Stallone and Henry Winkler goofing around on the set of The Lords of Flatbush,6/25/2018,17:17:58
@BikeRocketCom,88083027,1.01E+18,Sylvester Stallone subject of sex crimes investigation,6/25/2018,17:14:04
@bullittt,14417200,1.01E+18,You drew first blood said in my best Sylvester Stallone voice,6/25/2018,17:12:38
@ElisaSchmidt,9.04E+17,1.01E+18,SCRIPT FOR COLORS YOJU WOUKD BE PERFECT SYLVESTER STALLONE SOMEKNE WHI KNOWS TO PAINT AND ACT,6/25/2018,17:07:32
@wonderferret,11040352,1.01E+18,Sylvester Stallone and Hillary Clinton Secretly Wed in Israel It s Official Photographic Evidence Offers Proof,6/25/2018,17:07:04
@ShakilSayyed15,8.20E+17,1.01E+18,A 25 yr old Afghani on bodybuilding Along w Schwarzenegger other stars from Hollywd and Bollywd such as Sylvester St,6/25/2018,17:06:19
@RonMarmo,8.82E+17,1.01E+18,Sylvester Stallone Manchurian Candidate is a person who hates everything America stands for,6/19/2018,23:46:27
@Jujutough,157099850,1.01E+18,Creed 2 Trailer Drops Tomorrow Says Sylvester Stallone,6/19/2018,23:44:30
@taylor_madken15,2277705954,1.01E+18,IT S OFFICIAL The First Official Trailer for will drop TOMORROW Micheal B Jordan amp Sylvester Stallone reprise,6/19/2018,23:35:05
@FiveStarBoxing,4289217222,1.01E+18,According to Sylvester Stallone the role of Paulie was originally going to be Adrian s Jewish mother but,6/19/2018,23:35:04
@FredaWarlick,428933430,1.01E+18,Sylvester Stallone Manchurian Candidate is a person who hates everything America stands for,6/19/2018,23:27:12
@John132941831,7.96E+17,1.01E+18,Sylvester Stallone Manchurian Candidate is a person who hates everything America stands for,6/19/2018,23:12:53
@AutumnGreenlea1,9.83E+17,1.01E+18,Sylvester Stallone Manchurian Candidate is a person who hates everything America stands for,6/19/2018,23:07:45
@RETTinol,393048573,1.01E+18,Sylvester Stallone Manchurian Candidate is a person who hates everything America stands for,6/19/2018,23:06:23
@cleansenreclaim,93650756,1.01E+18,Sylvester Stallone Manchurian Candidate is a person who hates everything America stands for,6/19/2018,23:06:06
@GraceMi40571862,4819040296,1.01E+18,Sylvester Stallone Manchurian Candidate is a person who hates everything America stands for,6/19/2018,23:05:50
@Leonis1981,176820130,1.01E+18,The first poster for has arrived with the trailer following soon,6/19/2018,23:05:12
@JuanDuPlooy10,971168658,1.01E+18,Sylvester Stallone Manchurian Candidate is a person who hates everything America stands for,6/19/2018,23:04:33
@albertasoapbox,297483708,1.01E+18,Sylvester Stallone Manchurian Candidate is a person who hates everything America stands for,6/19/2018,23:03:46
@JBaker31826004,2834620568,1.01E+18,Sylvester Stallone Manchurian Candidate is a person who hates everything America stands for,6/19/2018,23:01:42
@DanielP28086325,9.65E+17,1.01E+18,Sylvester Stallone Manchurian Candidate is a person who hates everything America stands for,6/19/2018,22:58:09
@mensamule1,8.85E+17,1.01E+18,Sylvester Stallone Manchurian Candidate is a person who hates everything America stands for,6/19/2018,22:50:51
@Huey5Huey,4476428301,1.01E+18,Sylvester Stallone Manchurian Candidate is a person who hates everything America stands for,6/19/2018,22:49:23
@LorettaSteddum,989834077,1.01E+18,Sylvester Stallone Manchurian Candidate is a person who hates everything America stands for,6/19/2018,22:48:35
@BIGBADDERS,202616223,1.01E+18,Lev yashin sylvester stallone billy the fish,6/19/2018,22:46:47
@Patrici76267702,7.46E+17,1.01E+18,Sylvester Stallone Manchurian Candidate is a person who hates everything America stands for,6/19/2018,22:41:33
@ALDubFTnQT,3161163805,1.01E+18,I believe any success in life is made by going into an area with,6/19/2018,22:33:58
@martinmadmex,3964450934,1.01E+18,Sylvester Stallone Manchurian Candidate is a person who hates everything America stands for,6/19/2018,22:32:05
@Drew_Zemmels,1877388458,1.01E+18,Creed 2015 is Ryan Coogler and Michael B Jordan s best movie Sorry Black Panther you can t beat the nuance and,6/19/2018,22:21:57
@ordermorbottles,8.08E+17,1.01E+18,Creed 2 Trailer Drops Tomorrow Says Sylvester Stallone,6/19/2018,22:14:21
@MalineePompinit,3189238166,1.01E+18,Los Angeles Prosecutors Are Reviewing a Assault Allegation Against Sylvester Stallone Says,6/19/2018,22:13:13
@saigautham123,439811790,1.01E+18,the sequel to the Sylvester Stallone Arnold Schwarzenegger movie that doesn t have Arnold Schwarzenegger,6/19/2018,22:11:11
@YourWayCDT,9.02E+17,1.01E+18,Sylvester Stallone Decal USD 5 00,6/19/2018,22:10:33
@sarobards,930566035,1.01E+18,Sylvester Stallone Manchurian Candidate is a person who hates everything America stands for,6/19/2018,22:10:31
@RyanSherlock10,2869550111,1.01E+18,Music today is complete garbag If I wanted to listen to someone mumble I would put on a Sylvester Stallone movie,6/19/2018,22:09:04
@BenTTravers,485390765,1.01E+18,the sequel to the Sylvester Stallone Arnold Schwarzenegger movie that doesn t have Arnold Schwarze,6/19/2018,22:07:27
@iamwlaw,29982444,1.01E+18,Michael B Jordan And First Look At Creed II,6/19/2018,21:59:41
@esme_g230,1041083426,1.01E+18,Sylvester Stallone still has the turtles from Rocky they are currently 44 years old,6/19/2018,21:54:39
@lightning989,8.09E+17,1.01E+18,Sylvester Stallone Manchurian Candidate is a person who hates everything America stands for,6/19/2018,21:46:47
@jonathanmeli191,2889362849,1.01E+18,The first poster for has arrived with the trailer following soon,6/19/2018,21:37:45
@deedeebar,29220190,1.01E+18,Michael B Jordan And First Look At Creed II via,6/19/2018,21:34:31
@tropebot,1.01E+18,1.01E+18,Sylvester Stallone blows up a very tall building on a plane about to crash,6/19/2018,21:33:16
@phantasmosis,505287010,1.01E+18,No my name is kurt vile not Sylvester Stallone wearing a weird wig,6/19/2018,21:32:50
@LAmobslugger,50157605,1.01E+18,Sylvester Stallone Creed 2 trailer,6/19/2018,21:28:15
@alexander126_,1681743631,1.01E+18,The trailer for director d starring Michael B Jordan Sylvester Stallone drops TODAY Here s,6/19/2018,21:26:00
@crowdersbot,9.99E+17,1.01E+18,If Sylvester Stallone is on your side you should probably re evaluate what your side is,6/19/2018,21:18:59
@averymae2013,3083090870,1.01E+18,Here s everything we know about Creed II at the moment,6/19/2018,21:18:18
@KarsonsDaddy_,562548688,1.01E+18,IT S OFFICIAL The First Official Trailer for will drop TOMORROW Micheal B Jordan amp Sylvester Stallone reprise,6/19/2018,21:17:33
@elmopep,7.61E+17,1.01E+18,Sylvester Stallone Manchurian Candidate is a person who hates everything America stands for,6/19/2018,21:11:58
@missy_hood,1451998987,1.01E+18,Sylvester Stallone Accused Of 28 Year Old Sex Crime Days After Appearing With Trump via,6/19/2018,21:07:14
@Pavitar_Kaur,119940605,1.01E+18,Creed 2 Trailer Drops Tomorrow Says Sylvester Stallone,6/19/2018,21:00:40
@bettyedavis23,7.61E+17,1.01E+18,Sylvester Stallone Manchurian Candidate is a person who hates everything America stands for,6/19/2018,20:53:24
@JohnJamesLeahy,299188191,1.01E+18,I added a video to a playlist Sylvester Stallone is being attacked by Rocky star Burt Young,6/19/2018,20:53:05
@The_LizMarshall,334822902,1.01E+18,The first poster for has arrived with the trailer following soon,6/19/2018,20:51:17
@CUADRADOFred,466899933,1.01E+18,Creed 2 Trailer Drops Tomorrow Says Sylvester Stallone,6/19/2018,20:46:06
@marinabonela,164063351,1.01E+18,Sylvester Stallone de Angus amp Julia Stone,6/19/2018,20:45:11
@AREN7607,2956616717,1.01E+18,So cool Unearthed footage of Sylvester Stallone Carl Weathers Choreography for Rocky in 1976,6/19/2018,20:43:59
@taylor_madken15,2277705954,1.01E+18,Creed 2 Trailer Drops Tomorrow Says Sylvester Stallone,6/19/2018,20:41:01
@AndyEnriquez12,8.09E+17,1.01E+18,Sylvester Stallone Manchurian Candidate is a person who hates everything America stands for,6/19/2018,20:37:52
@villatim80,527641795,1.01E+18,Sylvester Stallone USA confirmed,6/19/2018,20:34:42
@AlysonFouse,293337170,1.01E+18,Michael B Jordan And First Look At Creed II,6/19/2018,20:34:12
@Chiarawinter93,8.88E+17,1.01E+18,The first poster for has arrived with the trailer following soon,6/19/2018,20:32:11
@CatbirdCityPoet,2711791104,1.01E+18,Sylvester Stallone Manchurian Candidate is a person who hates everything America stands for,6/19/2018,20:28:19
@lnewsomern,2855568020,1.01E+18,Sylvester Stallone Manchurian Candidate is a person who hates everything America stands for,6/19/2018,20:27:43
@mwbuzz,3289873863,1.01E+18,Escape Plan 2 Movie Trailer Sylvester Stallone Hollywood Movies,6/19/2018,20:26:13
@maddy_trell,3072240365,1.01E+18,Y all better have the same energy when Aziz Ansari Andy Dick Louis CK Morgan Freeman Nelly Ben Affleck R Kelly David Bla,6/19/2018,20:26:06
@kimlaforce,709565048,1.01E+18,That is true However some take Hollywood movies as documenta,6/19/2018,20:23:16
@munna399,926713220,1.01E+18,I liked a video Escape Plan 2 2018 Movie Trailer Sylvester Stallone Dave Bautista Curtis,6/19/2018,20:21:50
@back9racing,189298528,1.01E+18,So cool Unearthed footage of Sylvester Stallone Carl Weathers Choreography for Rocky in 1976,6/19/2018,20:18:44
@Bryan_Hitchens,485352900,1.01E+18,Creed 2 Trailer Drops Tomorrow Says Sylvester Stallone,6/19/2018,20:12:49
@overlyexcitedM,7.78E+17,1.01E+18,The first poster for has arrived with the trailer following soon,6/19/2018,20:10:18
@stefaniemager,476651179,1.01E+18,ok at this point we ll need to have sylvester stallone donna paulsen or josh homme join the conversation,6/19/2018,20:09:02
@iMaryTaylor,156233013,1.01E+18,Top 10 Cars in Sylvester Stallone s Collection,6/19/2018,20:02:16
@Thomas023317154,1.01E+18,1.01E+18,The trailer for director d starring Michael B Jordan Sylvester Stallone drops TODAY Here s,6/19/2018,19:59:55
@GerardKennelly,624223481,1.01E+18,so michael b jordan thinks you re a villain,6/19/2018,19:59:33
@joaniecalvert,447249419,1.01E+18,Sylvester Stallone Manchurian Candidate is a person who hates everything America stands for,6/19/2018,19:58:52
@TerranceHarris,57487897,1.01E+18,Looking forward to Creed II Thinks it s genius how Sylvester Stallone has managed to eat off the Rocky franchise f,6/19/2018,19:55:46
@JimmyKulaga,895706898,1.01E+18,Creed 2 Trailer Drops Tomorrow Says Sylvester Stallone,6/19/2018,19:54:38
@efroster123,1398312986,1.01E+18,The first poster for has arrived with the trailer following soon,6/19/2018,19:52:41
@zesty_movies,4786581027,1.01E+18,Michael B Jordan And First Look At Creed II,6/19/2018,19:52:16
@ChiefChinedu,225605720,1.01E+18,Creed 2 Trailer Drops Tomorrow Says Sylvester Stallone,6/19/2018,19:51:55
@SandraM02169645,4340986099,1.01E+18,Sylvester Stallone Manchurian Candidate is a person who hates everything America stands for,6/19/2018,19:50:58
@KeithGunter0,9.40E+17,1.01E+18,Sylvester Stallone Manchurian Candidate is a person who hates everything America stands for,6/19/2018,19:46:12
@HeadHuncho_03,1483661838,1.01E+18,Here s everything we know about Creed II at the moment,6/19/2018,19:45:28
@Nstorm41,7.09E+17,1.01E+18,The first poster for has arrived with the trailer following soon,6/19/2018,19:43:32
@WestCoastSoles,186278086,1.01E+18,Creed 2 Trailer Drops Tomorrow Says Sylvester Stallone,6/19/2018,19:40:49
@ksummers1201,8.15E+17,1.01E+18,Sylvester Stallone Manchurian Candidate is a person who hates everything America stands for,6/19/2018,19:33:21
@Mexxecutioner,369731631,1.01E+18,The first poster for has arrived with the trailer following soon,6/19/2018,19:31:44
@qbreek,8.97E+17,1.01E+18,IT S OFFICIAL The First Official Trailer for will drop TOMORROW Micheal B Jordan amp Sylvester Stallone reprise,6/19/2018,19:28:37
@itzwhatevaj0e,2224903533,1.01E+18,IT S OFFICIAL The First Official Trailer for will drop TOMORROW Micheal B Jordan amp Sylvester Stallone reprise,6/19/2018,19:28:26
@JasonMo26645858,757160935,1.01E+18,The first poster for has arrived with the trailer following soon,6/19/2018,19:26:29
@LT38,21794771,1.01E+18,The trailer for director d starring Michael B Jordan Sylvester Stallone drops TODAY Here s,6/19/2018,19:26:13
@king_ajaz786,2871519094,1.01E+18,The first poster for has arrived with the trailer following soon,6/19/2018,19:21:49
@josecarlosmtzJR,60182755,1.01E+18,The first poster for has arrived with the trailer following soon,6/19/2018,19:21:05
@murrayb560sl,263743430,1.01E+18,Starring Kim Kardashian Sylvester Stallone and Aroma Rosa or whatever her name is,6/19/2018,19:19:03
@AlexJOmega,7.91E+17,1.01E+18,The first poster for has arrived with the trailer following soon,6/19/2018,19:18:41
@shinyvalley,248297339,1.01E+18,The first poster for has arrived with the trailer following soon,6/19/2018,19:11:04
@DdivineOne,1131754375,1.01E+18,The first poster for has arrived with the trailer following soon,6/19/2018,19:07:51
@cinemavice,1496545638,1.01E+18,The first poster for has arrived with the trailer following soon,6/19/2018,19:02:59
@LulaMadison,162050194,1.01E+18,The first poster for has arrived with the trailer following soon,6/19/2018,19:02:33
@captaincurt81,109097222,1.01E+18,Michael B Jordan And First Look At Creed II via,6/19/2018,19:02:23
@DJSamora,147874600,1.01E+18,Here s everything we know about Creed II at the moment,6/19/2018,19:01:50
@SportometryNHL,140649097,1.01E+18,Daily Quote Playing polo is like trying to play golf during an earthquake Sylvester,6/19/2018,19:00:24
@micah34_,4377563495,1.01E+18,Creed 2 Trailer Drops Tomorrow Says Sylvester Stallone,6/19/2018,18:57:43
@nevets1212,83694465,1.01E+18,Here s everything we know about Creed II at the moment,6/19/2018,18:53:23
@JoebiWan94,421305046,1.01E+18,The first poster for has arrived with the trailer following soon,6/19/2018,18:53:06
